[
	{
		"label": "eff001",
		"link": "bigbuck1.gif"
	},
	{
		"label": "eff002",
		"link": "bigbuckbunny-64x32.gif"
	},
	{
		"label": "eff003",
		"link": "BigBuckBunny_320x180.gif"
	},
	{
		"label": "eff004",
		"link": "cartoon.gif"
	},
	{
		"label": "eff005",
		"link": "chasm1.gif"
	},
	{
		"label": "eff006",
		"link": "giphy_1.gif"
	},
	{
		"label": "eff007",
		"link": "giphy_2.gif"
	},
	{
		"label": "eff008",
		"link": "giphy_21.gif"
	},
	{
		"label": "eff009",
		"link": "loading.io-64x32px.gif"
	},
	{
		"label": "eff0010",
		"link": "matrix-spin.gif"
	},
	{
		"label": "eff0011",
		"link": "parasite1.gif"
	},
	{
		"label": "eff0012",
		"link": "parasite2.gif"
	}
]