[
	{
		"label": "img001",
		"link": "image00003.png"
	},
	{
		"label": "img002",
		"link": "image00003.jpg"
	},
	{
		"label": "img003",
		"link": "logo.jpg"
	},
	{
		"label": "img004",
		"link": "panda.jpg"
	},
	{
		"label": "img005",
		"link": "stm32.jpeg"
	},
	{
		"label": "img006",
		"link": "image00003.png1"
	},
	{
		"label": "img007",
		"link": "image00003.png2"
	},
	{
		"label": "img008",
		"link": "image00003.png3"
	},
	{
		"label": "img009",
		"link": "image00003.pngg"
	},
	{
		"label": "img0010",
		"link": "image000030"
	}
]