[
    {
        "label": "img00001",
        "link": "img00001"
    },{
        "label": "img00002",
        "link": "img00002"
    },{
        "label": "img00003",
        "link": "img00003"
    },{
        "label": "img00004",
        "link": "img00004"
    },{
        "label": "img00005",
        "link": "img00005"
    },{
        "label": "img00006",
        "link": "img00006"
    },{
        "label": "img00007",
        "link": "img00007"
    },{
        "label": "img00008",
        "link": "img00008"
    },{
        "label": "img00009",
        "link": "img00009"
    },{
        "label": "img00010",
        "link": "img00010"
    },{
        "label": "img00011",
        "link": "img00011"
    },{
        "label": "img00012",
        "link": "img00012"
    },{
        "label": "img00013",
        "link": "img00013"
    },{
        "label": "img00014",
        "link": "img00014"
    },{
        "label": "img00015",
        "link": "img00015"
    },{
        "label": "img00016",
        "link": "img00016"
    },{
        "label": "img00017",
        "link": "img00017"
    },{
        "label": "img00018",
        "link": "img00018"
    },{
        "label": "img00019",
        "link": "img00019"
    },{
        "label": "img00020",
        "link": "img00020"
    },{
        "label": "img00021",
        "link": "img00021"
    },{
        "label": "img00022",
        "link": "img00022"
    },{
        "label": "img00023",
        "link": "img00023"
    },{
        "label": "img00024",
        "link": "img00024"
    },{
        "label": "img00025",
        "link": "img00025"
    },{
        "label": "img00026",
        "link": "img00026"
    },{
        "label": "img00027",
        "link": "img00027"
    },{
        "label": "img00028",
        "link": "img00028"
    },{
        "label": "img00029",
        "link": "img00029"
    },{
        "label": "img00030",
        "link": "img00030"
    },{
        "label": "img00031",
        "link": "img00031"
    },{
        "label": "img00032",
        "link": "img00032"
    },{
        "label": "img00033",
        "link": "img00033"
    },{
        "label": "img00034",
        "link": "img00034"
    },{
        "label": "img00035",
        "link": "img00035"
    },{
        "label": "img00036",
        "link": "img00036"
    },{
        "label": "img00037",
        "link": "img00037"
    },{
        "label": "img00038",
        "link": "img00038"
    },{
        "label": "img00039",
        "link": "img00039"
    },{
        "label": "img00040",
        "link": "img00040"
    },{
        "label": "img00002",
        "link": "img00002"
    },{
        "label": "img00003",
        "link": "img00003"
    },{
        "label": "img00004",
        "link": "img00004"
    },{
        "label": "img00005",
        "link": "img00005"
    },{
        "label": "img00006",
        "link": "img00006"
    },{
        "label": "img00007",
        "link": "img00007"
    },{
        "label": "img00008",
        "link": "img00008"
    },{
        "label": "img00009",
        "link": "img00009"
    },{
        "label": "img00010",
        "link": "img00010"
    },{
        "label": "img00011",
        "link": "img00011"
    },{
        "label": "img00012",
        "link": "img00012"
    },{
        "label": "img00013",
        "link": "img00013"
    },{
        "label": "img00014",
        "link": "img00014"
    },{
        "label": "img00015",
        "link": "img00015"
    },{
        "label": "img00016",
        "link": "img00016"
    },{
        "label": "img00017",
        "link": "img00017"
    },{
        "label": "img00018",
        "link": "img00018"
    },{
        "label": "img00019",
        "link": "img00019"
    },{
        "label": "img00020",
        "link": "img00020"
    },{
        "label": "img00021",
        "link": "img00021"
    },{
        "label": "img00022",
        "link": "img00022"
    },{
        "label": "img00023",
        "link": "img00023"
    },{
        "label": "img00024",
        "link": "img00024"
    },{
        "label": "img00025",
        "link": "img00025"
    },{
        "label": "img00026",
        "link": "img00026"
    },{
        "label": "img00027",
        "link": "img00027"
    },{
        "label": "img00028",
        "link": "img00028"
    },{
        "label": "img00029",
        "link": "img00029"
    },{
        "label": "img00030",
        "link": "img00030"
    },{
        "label": "img00031",
        "link": "img00031"
    },{
        "label": "img00032",
        "link": "img00032"
    },{
        "label": "img00033",
        "link": "img00033"
    },{
        "label": "img00034",
        "link": "img00034"
    },{
        "label": "img00035",
        "link": "img00035"
    },{
        "label": "img00036",
        "link": "img00036"
    },{
        "label": "img00037",
        "link": "img00037"
    },{
        "label": "img00038",
        "link": "img00038"
    },{
        "label": "img00039",
        "link": "img00039"
    },{
        "label": "img00040",
        "link": "img00040"
    }
    
]